member_casual,ride_duration_min
casual,26.326727887510007
member,12.884833504560536
