month,ride_duration_min
2024-01,15.070742618481885
2024-02,15.510152776781874
2024-03,15.527960260538075
2024-04,16.703495388951968
2024-05,18.896934309644493
